"sect","cell","slot","essname","len[mm]","s,s[mm]","MCS,s,x[mm]","MCS,s,y[mm]","MCS,s,z[mm]","s,m[mm]","MCS,m,x[mm]","MCS,m,y[mm]","MCS,m,z[mm]","s,e[mm]","MCS,e,x[mm]","MCS,e,y[mm]","MCS,e,z[mm]","TCS,s,x[mm]","TCS,s,y[mm]","TCS,s,z[mm]","TCS,m,x[mm]","TCS,m,y[mm]","TCS,m,z[mm]","TCS,e,x[mm]","TCS,e,y[mm]","TCS,e,z[mm]"
"ISrc","010","","ISrc-010",166.1,0.0,0.0,0.0,0.0,83.05,0.0,0.0,83.05,166.1,0.0,0.0,166.1,0.0,-4500.0,-602627.154,0.0,-4500.0,-602544.104,0.0,-4500.0,-602461.054
"LEBT","010","","LEBT-010",2339.8,166.1,0.0,0.0,166.1,1336.0,0.0,0.0,1336.0,2505.9,0.0,0.0,2505.9,0.0,-4500.0,-602461.054,0.0,-4500.0,-601291.154,0.0,-4500.0,-600121.254
"RFQ","010","","RFQ-010",4652.072,2505.9,0.0,0.0,2505.9,4831.936,0.0,0.0,4831.936,7157.972,0.0,0.0,7157.972,0.0,-4500.0,-600121.254,0.0,-4500.0,-597795.218,0.0,-4500.0,-595469.182
"MEBT","010","","MEBT-010",3812.0,7157.972,0.0,0.0,7157.972,9063.972,0.0,0.0,9063.972,10969.972,0.0,0.0,10969.972,0.0,-4500.0,-595469.182,0.0,-4500.0,-593563.182,0.0,-4500.0,-591657.182
"DTL","010","","DTL-010",7709.636,10969.972,0.0,0.0,10969.972,14824.79,0.0,0.0,14824.79,18679.608,0.0,0.0,18679.608,0.0,-4500.0,-591657.182,0.0,-4500.0,-587802.364,0.0,-4500.0,-583947.546
"DTL","020","","DTL-020",7517.807,18679.608,0.0,0.0,18679.608,22438.511,0.0,0.0,22438.511,26197.414,0.0,0.0,26197.414,0.0,-4500.0,-583947.546,0.0,-4500.0,-580188.643,0.0,-4500.0,-576429.74
"DTL","030","","DTL-030",7866.114,26197.414,0.0,0.0,26197.414,30130.471,0.0,0.0,30130.471,34063.528,0.0,0.0,34063.528,0.0,-4500.0,-576429.74,0.0,-4500.0,-572496.683,0.0,-4500.0,-568563.626
"DTL","040","","DTL-040",7847.213,34063.528,0.0,0.0,34063.528,37987.135,0.0,0.0,37987.135,41910.741,0.0,0.0,41910.741,0.0,-4500.0,-568563.626,0.0,-4500.0,-564640.019,0.0,-4500.0,-560716.413
"DTL","050","","DTL-050",8217.977,41910.741,0.0,0.0,41910.741,46019.73,0.0,0.0,46019.73,50128.718,0.0,0.0,50128.718,0.0,-4500.0,-560716.413,0.0,-4500.0,-556607.424,0.0,-4500.0,-552498.436
"Spk","010","LWU","Spk-010LWU",1669.0,50128.718,0.0,0.0,50128.718,50963.218,0.0,0.0,50963.218,51797.718,0.0,0.0,51797.718,0.0,-4500.0,-552498.436,0.0,-4500.0,-551663.936,0.0,-4500.0,-550829.436
"Spk","010","Crm","Spk-010Crm",2860.0,51797.718,0.0,0.0,51797.718,53227.718,0.0,0.0,53227.718,54657.718,0.0,0.0,54657.718,0.0,-4500.0,-550829.436,0.0,-4500.0,-549399.436,0.0,-4500.0,-547969.436
"Spk","020","LWU","Spk-020LWU",1400.0,54657.718,0.0,0.0,54657.718,55357.718,0.0,0.0,55357.718,56057.718,0.0,0.0,56057.718,0.0,-4500.0,-547969.436,0.0,-4500.0,-547269.436,0.0,-4500.0,-546569.436
"Spk","020","Crm","Spk-020Crm",2860.0,56057.718,0.0,0.0,56057.718,57487.718,0.0,0.0,57487.718,58917.718,0.0,0.0,58917.718,0.0,-4500.0,-546569.436,0.0,-4500.0,-545139.436,0.0,-4500.0,-543709.436
"Spk","030","LWU","Spk-030LWU",1400.0,58917.718,0.0,0.0,58917.718,59617.718,0.0,0.0,59617.718,60317.718,0.0,0.0,60317.718,0.0,-4500.0,-543709.436,0.0,-4500.0,-543009.436,0.0,-4500.0,-542309.436
"Spk","030","Crm","Spk-030Crm",2860.0,60317.718,0.0,0.0,60317.718,61747.718,0.0,0.0,61747.718,63177.718,0.0,0.0,63177.718,0.0,-4500.0,-542309.436,0.0,-4500.0,-540879.436,0.0,-4500.0,-539449.436
"Spk","040","LWU","Spk-040LWU",1400.0,63177.718,0.0,0.0,63177.718,63877.718,0.0,0.0,63877.718,64577.718,0.0,0.0,64577.718,0.0,-4500.0,-539449.436,0.0,-4500.0,-538749.436,0.0,-4500.0,-538049.436
"Spk","040","Crm","Spk-040Crm",2860.0,64577.718,0.0,0.0,64577.718,66007.718,0.0,0.0,66007.718,67437.718,0.0,0.0,67437.718,0.0,-4500.0,-538049.436,0.0,-4500.0,-536619.436,0.0,-4500.0,-535189.436
"Spk","050","LWU","Spk-050LWU",1400.0,67437.718,0.0,0.0,67437.718,68137.718,0.0,0.0,68137.718,68837.718,0.0,0.0,68837.718,0.0,-4500.0,-535189.436,0.0,-4500.0,-534489.436,0.0,-4500.0,-533789.436
"Spk","050","Crm","Spk-050Crm",2860.0,68837.718,0.0,0.0,68837.718,70267.718,0.0,0.0,70267.718,71697.718,0.0,0.0,71697.718,0.0,-4500.0,-533789.436,0.0,-4500.0,-532359.436,0.0,-4500.0,-530929.436
"Spk","060","LWU","Spk-060LWU",1400.0,71697.718,0.0,0.0,71697.718,72397.718,0.0,0.0,72397.718,73097.718,0.0,0.0,73097.718,0.0,-4500.0,-530929.436,0.0,-4500.0,-530229.436,0.0,-4500.0,-529529.436
"Spk","060","Crm","Spk-060Crm",2860.0,73097.718,0.0,0.0,73097.718,74527.718,0.0,0.0,74527.718,75957.718,0.0,0.0,75957.718,0.0,-4500.0,-529529.436,0.0,-4500.0,-528099.436,0.0,-4500.0,-526669.436
"Spk","070","LWU","Spk-070LWU",1400.0,75957.718,0.0,0.0,75957.718,76657.718,0.0,0.0,76657.718,77357.718,0.0,0.0,77357.718,0.0,-4500.0,-526669.436,0.0,-4500.0,-525969.436,0.0,-4500.0,-525269.436
"Spk","070","Crm","Spk-070Crm",2860.0,77357.718,0.0,0.0,77357.718,78787.718,0.0,0.0,78787.718,80217.718,0.0,0.0,80217.718,0.0,-4500.0,-525269.436,0.0,-4500.0,-523839.436,0.0,-4500.0,-522409.436
"Spk","080","LWU","Spk-080LWU",1400.0,80217.718,0.0,0.0,80217.718,80917.718,0.0,0.0,80917.718,81617.718,0.0,0.0,81617.718,0.0,-4500.0,-522409.436,0.0,-4500.0,-521709.436,0.0,-4500.0,-521009.436
"Spk","080","Crm","Spk-080Crm",2860.0,81617.718,0.0,0.0,81617.718,83047.718,0.0,0.0,83047.718,84477.718,0.0,0.0,84477.718,0.0,-4500.0,-521009.436,0.0,-4500.0,-519579.436,0.0,-4500.0,-518149.436
"Spk","090","LWU","Spk-090LWU",1400.0,84477.718,0.0,0.0,84477.718,85177.718,0.0,0.0,85177.718,85877.718,0.0,0.0,85877.718,0.0,-4500.0,-518149.436,0.0,-4500.0,-517449.436,0.0,-4500.0,-516749.436
"Spk","090","Crm","Spk-090Crm",2860.0,85877.718,0.0,0.0,85877.718,87307.718,0.0,0.0,87307.718,88737.718,0.0,0.0,88737.718,0.0,-4500.0,-516749.436,0.0,-4500.0,-515319.436,0.0,-4500.0,-513889.436
"Spk","100","LWU","Spk-100LWU",1400.0,88737.718,0.0,0.0,88737.718,89437.718,0.0,0.0,89437.718,90137.718,0.0,0.0,90137.718,0.0,-4500.0,-513889.436,0.0,-4500.0,-513189.436,0.0,-4500.0,-512489.436
"Spk","100","Crm","Spk-100Crm",2860.0,90137.718,0.0,0.0,90137.718,91567.718,0.0,0.0,91567.718,92997.718,0.0,0.0,92997.718,0.0,-4500.0,-512489.436,0.0,-4500.0,-511059.436,0.0,-4500.0,-509629.436
"Spk","110","LWU","Spk-110LWU",1400.0,92997.718,0.0,0.0,92997.718,93697.718,0.0,0.0,93697.718,94397.718,0.0,0.0,94397.718,0.0,-4500.0,-509629.436,0.0,-4500.0,-508929.436,0.0,-4500.0,-508229.436
"Spk","110","Crm","Spk-110Crm",2860.0,94397.718,0.0,0.0,94397.718,95827.718,0.0,0.0,95827.718,97257.718,0.0,0.0,97257.718,0.0,-4500.0,-508229.436,0.0,-4500.0,-506799.436,0.0,-4500.0,-505369.436
"Spk","120","LWU","Spk-120LWU",1400.0,97257.718,0.0,0.0,97257.718,97957.718,0.0,0.0,97957.718,98657.718,0.0,0.0,98657.718,0.0,-4500.0,-505369.436,0.0,-4500.0,-504669.436,0.0,-4500.0,-503969.436
"Spk","120","Crm","Spk-120Crm",2860.0,98657.718,0.0,0.0,98657.718,100087.718,0.0,0.0,100087.718,101517.718,0.0,0.0,101517.718,0.0,-4500.0,-503969.436,0.0,-4500.0,-502539.436,0.0,-4500.0,-501109.436
"Spk","130","LWU","Spk-130LWU",1400.0,101517.718,0.0,0.0,101517.718,102217.718,0.0,0.0,102217.718,102917.718,0.0,0.0,102917.718,0.0,-4500.0,-501109.436,0.0,-4500.0,-500409.436,0.0,-4500.0,-499709.436
"Spk","130","Crm","Spk-130Crm",2860.0,102917.718,0.0,0.0,102917.718,104347.718,0.0,0.0,104347.718,105777.718,0.0,0.0,105777.718,0.0,-4500.0,-499709.436,0.0,-4500.0,-498279.436,0.0,-4500.0,-496849.436
"MBL","010","LWU","MBL-010LWU",1932.4,105777.718,0.0,0.0,105777.718,106743.918,0.0,0.0,106743.918,107710.118,0.0,0.0,107710.118,0.0,-4500.0,-496849.436,0.0,-4500.0,-495883.236,0.0,-4500.0,-494917.036
"MBL","010","Crm","MBL-010Crm",6587.6,107710.118,0.0,0.0,107710.118,111003.918,0.0,0.0,111003.918,114297.718,0.0,0.0,114297.718,0.0,-4500.0,-494917.036,0.0,-4500.0,-491623.236,0.0,-4500.0,-488329.436
"MBL","020","LWU","MBL-020LWU",1932.4,114297.718,0.0,0.0,114297.718,115263.918,0.0,0.0,115263.918,116230.118,0.0,0.0,116230.118,0.0,-4500.0,-488329.436,0.0,-4500.0,-487363.236,0.0,-4500.0,-486397.036
"MBL","020","Crm","MBL-020Crm",6587.6,116230.118,0.0,0.0,116230.118,119523.918,0.0,0.0,119523.918,122817.718,0.0,0.0,122817.718,0.0,-4500.0,-486397.036,0.0,-4500.0,-483103.236,0.0,-4500.0,-479809.436
"MBL","030","LWU","MBL-030LWU",1932.4,122817.718,0.0,0.0,122817.718,123783.918,0.0,0.0,123783.918,124750.118,0.0,0.0,124750.118,0.0,-4500.0,-479809.436,0.0,-4500.0,-478843.236,0.0,-4500.0,-477877.036
"MBL","030","Crm","MBL-030Crm",6587.6,124750.118,0.0,0.0,124750.118,128043.918,0.0,0.0,128043.918,131337.718,0.0,0.0,131337.718,0.0,-4500.0,-477877.036,0.0,-4500.0,-474583.236,0.0,-4500.0,-471289.436
"MBL","040","LWU","MBL-040LWU",1932.4,131337.718,0.0,0.0,131337.718,132303.918,0.0,0.0,132303.918,133270.118,0.0,0.0,133270.118,0.0,-4500.0,-471289.436,0.0,-4500.0,-470323.236,0.0,-4500.0,-469357.036
"MBL","040","Crm","MBL-040Crm",6587.6,133270.118,0.0,0.0,133270.118,136563.918,0.0,0.0,136563.918,139857.718,0.0,0.0,139857.718,0.0,-4500.0,-469357.036,0.0,-4500.0,-466063.236,0.0,-4500.0,-462769.436
"MBL","050","LWU","MBL-050LWU",1932.4,139857.718,0.0,0.0,139857.718,140823.918,0.0,0.0,140823.918,141790.118,0.0,0.0,141790.118,0.0,-4500.0,-462769.436,0.0,-4500.0,-461803.236,0.0,-4500.0,-460837.036
"MBL","050","Crm","MBL-050Crm",6587.6,141790.118,0.0,0.0,141790.118,145083.918,0.0,0.0,145083.918,148377.718,0.0,0.0,148377.718,0.0,-4500.0,-460837.036,0.0,-4500.0,-457543.236,0.0,-4500.0,-454249.436
"MBL","060","LWU","MBL-060LWU",1932.4,148377.718,0.0,0.0,148377.718,149343.918,0.0,0.0,149343.918,150310.118,0.0,0.0,150310.118,0.0,-4500.0,-454249.436,0.0,-4500.0,-453283.236,0.0,-4500.0,-452317.036
"MBL","060","Crm","MBL-060Crm",6587.6,150310.118,0.0,0.0,150310.118,153603.918,0.0,0.0,153603.918,156897.718,0.0,0.0,156897.718,0.0,-4500.0,-452317.036,0.0,-4500.0,-449023.236,0.0,-4500.0,-445729.436
"MBL","070","LWU","MBL-070LWU",1932.4,156897.718,0.0,0.0,156897.718,157863.918,0.0,0.0,157863.918,158830.118,0.0,0.0,158830.118,0.0,-4500.0,-445729.436,0.0,-4500.0,-444763.236,0.0,-4500.0,-443797.036
"MBL","070","Crm","MBL-070Crm",6587.6,158830.118,0.0,0.0,158830.118,162123.918,0.0,0.0,162123.918,165417.718,0.0,0.0,165417.718,0.0,-4500.0,-443797.036,0.0,-4500.0,-440503.236,0.0,-4500.0,-437209.436
"MBL","080","LWU","MBL-080LWU",1932.4,165417.718,0.0,0.0,165417.718,166383.918,0.0,0.0,166383.918,167350.118,0.0,0.0,167350.118,0.0,-4500.0,-437209.436,0.0,-4500.0,-436243.236,0.0,-4500.0,-435277.036
"MBL","080","Crm","MBL-080Crm",6587.6,167350.118,0.0,0.0,167350.118,170643.918,0.0,0.0,170643.918,173937.718,0.0,0.0,173937.718,0.0,-4500.0,-435277.036,0.0,-4500.0,-431983.236,0.0,-4500.0,-428689.436
"MBL","090","LWU","MBL-090LWU",1932.4,173937.718,0.0,0.0,173937.718,174903.918,0.0,0.0,174903.918,175870.118,0.0,0.0,175870.118,0.0,-4500.0,-428689.436,0.0,-4500.0,-427723.236,0.0,-4500.0,-426757.036
"MBL","090","Crm","MBL-090Crm",6587.6,175870.118,0.0,0.0,175870.118,179163.918,0.0,0.0,179163.918,182457.718,0.0,0.0,182457.718,0.0,-4500.0,-426757.036,0.0,-4500.0,-423463.236,0.0,-4500.0,-420169.436
"HBL","010","LWU","HBL-010LWU",1932.4,182457.718,0.0,0.0,182457.718,183423.918,0.0,0.0,183423.918,184390.118,0.0,0.0,184390.118,0.0,-4500.0,-420169.436,0.0,-4500.0,-419203.236,0.0,-4500.0,-418237.036
"HBL","010","Crm","HBL-010Crm",6587.6,184390.118,0.0,0.0,184390.118,187683.918,0.0,0.0,187683.918,190977.718,0.0,0.0,190977.718,0.0,-4500.0,-418237.036,0.0,-4500.0,-414943.236,0.0,-4500.0,-411649.436
"HBL","020","LWU","HBL-020LWU",1932.4,190977.718,0.0,0.0,190977.718,191943.918,0.0,0.0,191943.918,192910.118,0.0,0.0,192910.118,0.0,-4500.0,-411649.436,0.0,-4500.0,-410683.236,0.0,-4500.0,-409717.036
"HBL","020","Crm","HBL-020Crm",6587.6,192910.118,0.0,0.0,192910.118,196203.918,0.0,0.0,196203.918,199497.718,0.0,0.0,199497.718,0.0,-4500.0,-409717.036,0.0,-4500.0,-406423.236,0.0,-4500.0,-403129.436
"HBL","030","LWU","HBL-030LWU",1932.4,199497.718,0.0,0.0,199497.718,200463.918,0.0,0.0,200463.918,201430.118,0.0,0.0,201430.118,0.0,-4500.0,-403129.436,0.0,-4500.0,-402163.236,0.0,-4500.0,-401197.036
"HBL","030","Crm","HBL-030Crm",6587.6,201430.118,0.0,0.0,201430.118,204723.918,0.0,0.0,204723.918,208017.718,0.0,0.0,208017.718,0.0,-4500.0,-401197.036,0.0,-4500.0,-397903.236,0.0,-4500.0,-394609.436
"HBL","040","LWU","HBL-040LWU",1932.4,208017.718,0.0,0.0,208017.718,208983.918,0.0,0.0,208983.918,209950.118,0.0,0.0,209950.118,0.0,-4500.0,-394609.436,0.0,-4500.0,-393643.236,0.0,-4500.0,-392677.036
"HBL","040","Crm","HBL-040Crm",6587.6,209950.118,0.0,0.0,209950.118,213243.918,0.0,0.0,213243.918,216537.718,0.0,0.0,216537.718,0.0,-4500.0,-392677.036,0.0,-4500.0,-389383.236,0.0,-4500.0,-386089.436
"HBL","050","LWU","HBL-050LWU",1932.4,216537.718,0.0,0.0,216537.718,217503.918,0.0,0.0,217503.918,218470.118,0.0,0.0,218470.118,0.0,-4500.0,-386089.436,0.0,-4500.0,-385123.236,0.0,-4500.0,-384157.036
"HBL","050","Crm","HBL-050Crm",6587.6,218470.118,0.0,0.0,218470.118,221763.918,0.0,0.0,221763.918,225057.718,0.0,0.0,225057.718,0.0,-4500.0,-384157.036,0.0,-4500.0,-380863.236,0.0,-4500.0,-377569.436
"HBL","060","LWU","HBL-060LWU",1932.4,225057.718,0.0,0.0,225057.718,226023.918,0.0,0.0,226023.918,226990.118,0.0,0.0,226990.118,0.0,-4500.0,-377569.436,0.0,-4500.0,-376603.236,0.0,-4500.0,-375637.036
"HBL","060","Crm","HBL-060Crm",6587.6,226990.118,0.0,0.0,226990.118,230283.918,0.0,0.0,230283.918,233577.718,0.0,0.0,233577.718,0.0,-4500.0,-375637.036,0.0,-4500.0,-372343.236,0.0,-4500.0,-369049.436
"HBL","070","LWU","HBL-070LWU",1932.4,233577.718,0.0,0.0,233577.718,234543.918,0.0,0.0,234543.918,235510.118,0.0,0.0,235510.118,0.0,-4500.0,-369049.436,0.0,-4500.0,-368083.236,0.0,-4500.0,-367117.036
"HBL","070","Crm","HBL-070Crm",6587.6,235510.118,0.0,0.0,235510.118,238803.918,0.0,0.0,238803.918,242097.718,0.0,0.0,242097.718,0.0,-4500.0,-367117.036,0.0,-4500.0,-363823.236,0.0,-4500.0,-360529.436
"HBL","080","LWU","HBL-080LWU",1932.4,242097.718,0.0,0.0,242097.718,243063.918,0.0,0.0,243063.918,244030.118,0.0,0.0,244030.118,0.0,-4500.0,-360529.436,0.0,-4500.0,-359563.236,0.0,-4500.0,-358597.036
"HBL","080","Crm","HBL-080Crm",6587.6,244030.118,0.0,0.0,244030.118,247323.918,0.0,0.0,247323.918,250617.718,0.0,0.0,250617.718,0.0,-4500.0,-358597.036,0.0,-4500.0,-355303.236,0.0,-4500.0,-352009.436
"HBL","090","LWU","HBL-090LWU",1932.4,250617.718,0.0,0.0,250617.718,251583.918,0.0,0.0,251583.918,252550.118,0.0,0.0,252550.118,0.0,-4500.0,-352009.436,0.0,-4500.0,-351043.236,0.0,-4500.0,-350077.036
"HBL","090","Crm","HBL-090Crm",6587.6,252550.118,0.0,0.0,252550.118,255843.918,0.0,0.0,255843.918,259137.718,0.0,0.0,259137.718,0.0,-4500.0,-350077.036,0.0,-4500.0,-346783.236,0.0,-4500.0,-343489.436
"HBL","100","LWU","HBL-100LWU",1932.4,259137.718,0.0,0.0,259137.718,260103.918,0.0,0.0,260103.918,261070.118,0.0,0.0,261070.118,0.0,-4500.0,-343489.436,0.0,-4500.0,-342523.236,0.0,-4500.0,-341557.036
"HBL","100","Crm","HBL-100Crm",6587.6,261070.118,0.0,0.0,261070.118,264363.918,0.0,0.0,264363.918,267657.718,0.0,0.0,267657.718,0.0,-4500.0,-341557.036,0.0,-4500.0,-338263.236,0.0,-4500.0,-334969.436
"HBL","110","LWU","HBL-110LWU",1932.4,267657.718,0.0,0.0,267657.718,268623.918,0.0,0.0,268623.918,269590.118,0.0,0.0,269590.118,0.0,-4500.0,-334969.436,0.0,-4500.0,-334003.236,0.0,-4500.0,-333037.036
"HBL","110","Crm","HBL-110Crm",6587.6,269590.118,0.0,0.0,269590.118,272883.918,0.0,0.0,272883.918,276177.718,0.0,0.0,276177.718,0.0,-4500.0,-333037.036,0.0,-4500.0,-329743.236,0.0,-4500.0,-326449.436
"HBL","120","LWU","HBL-120LWU",1932.4,276177.718,0.0,0.0,276177.718,277143.918,0.0,0.0,277143.918,278110.118,0.0,0.0,278110.118,0.0,-4500.0,-326449.436,0.0,-4500.0,-325483.236,0.0,-4500.0,-324517.036
"HBL","120","Crm","HBL-120Crm",6587.6,278110.118,0.0,0.0,278110.118,281403.918,0.0,0.0,281403.918,284697.718,0.0,0.0,284697.718,0.0,-4500.0,-324517.036,0.0,-4500.0,-321223.236,0.0,-4500.0,-317929.436
"HBL","130","LWU","HBL-130LWU",1932.4,284697.718,0.0,0.0,284697.718,285663.918,0.0,0.0,285663.918,286630.118,0.0,0.0,286630.118,0.0,-4500.0,-317929.436,0.0,-4500.0,-316963.236,0.0,-4500.0,-315997.036
"HBL","130","Crm","HBL-130Crm",6587.6,286630.118,0.0,0.0,286630.118,289923.918,0.0,0.0,289923.918,293217.718,0.0,0.0,293217.718,0.0,-4500.0,-315997.036,0.0,-4500.0,-312703.236,0.0,-4500.0,-309409.436
"HBL","140","LWU","HBL-140LWU",1932.4,293217.718,0.0,0.0,293217.718,294183.918,0.0,0.0,294183.918,295150.118,0.0,0.0,295150.118,0.0,-4500.0,-309409.436,0.0,-4500.0,-308443.236,0.0,-4500.0,-307477.036
"HBL","140","Crm","HBL-140Crm",6587.6,295150.118,0.0,0.0,295150.118,298443.918,0.0,0.0,298443.918,301737.718,0.0,0.0,301737.718,0.0,-4500.0,-307477.036,0.0,-4500.0,-304183.236,0.0,-4500.0,-300889.436
"HBL","150","LWU","HBL-150LWU",1932.4,301737.718,0.0,0.0,301737.718,302703.918,0.0,0.0,302703.918,303670.118,0.0,0.0,303670.118,0.0,-4500.0,-300889.436,0.0,-4500.0,-299923.236,0.0,-4500.0,-298957.036
"HBL","150","Crm","HBL-150Crm",6587.6,303670.118,0.0,0.0,303670.118,306963.918,0.0,0.0,306963.918,310257.718,0.0,0.0,310257.718,0.0,-4500.0,-298957.036,0.0,-4500.0,-295663.236,0.0,-4500.0,-292369.436
"HBL","160","LWU","HBL-160LWU",1932.4,310257.718,0.0,0.0,310257.718,311223.918,0.0,0.0,311223.918,312190.118,0.0,0.0,312190.118,0.0,-4500.0,-292369.436,0.0,-4500.0,-291403.236,0.0,-4500.0,-290437.036
"HBL","160","Crm","HBL-160Crm",6587.6,312190.118,0.0,0.0,312190.118,315483.918,0.0,0.0,315483.918,318777.718,0.0,0.0,318777.718,0.0,-4500.0,-290437.036,0.0,-4500.0,-287143.236,0.0,-4500.0,-283849.436
"HBL","170","LWU","HBL-170LWU",1932.4,318777.718,0.0,0.0,318777.718,319743.918,0.0,0.0,319743.918,320710.118,0.0,0.0,320710.118,0.0,-4500.0,-283849.436,0.0,-4500.0,-282883.236,0.0,-4500.0,-281917.036
"HBL","170","Crm","HBL-170Crm",6587.6,320710.118,0.0,0.0,320710.118,324003.918,0.0,0.0,324003.918,327297.718,0.0,0.0,327297.718,0.0,-4500.0,-281917.036,0.0,-4500.0,-278623.236,0.0,-4500.0,-275329.436
"HBL","180","LWU","HBL-180LWU",1932.4,327297.718,0.0,0.0,327297.718,328263.918,0.0,0.0,328263.918,329230.118,0.0,0.0,329230.118,0.0,-4500.0,-275329.436,0.0,-4500.0,-274363.236,0.0,-4500.0,-273397.036
"HBL","180","Crm","HBL-180Crm",6587.6,329230.118,0.0,0.0,329230.118,332523.918,0.0,0.0,332523.918,335817.718,0.0,0.0,335817.718,0.0,-4500.0,-273397.036,0.0,-4500.0,-270103.236,0.0,-4500.0,-266809.436
"HBL","190","LWU","HBL-190LWU",1932.4,335817.718,0.0,0.0,335817.718,336783.918,0.0,0.0,336783.918,337750.118,0.0,0.0,337750.118,0.0,-4500.0,-266809.436,0.0,-4500.0,-265843.236,0.0,-4500.0,-264877.036
"HBL","190","Crm","HBL-190Crm",6587.6,337750.118,0.0,0.0,337750.118,341043.918,0.0,0.0,341043.918,344337.718,0.0,0.0,344337.718,0.0,-4500.0,-264877.036,0.0,-4500.0,-261583.236,0.0,-4500.0,-258289.436
"HBL","200","LWU","HBL-200LWU",1932.4,344337.718,0.0,0.0,344337.718,345303.918,0.0,0.0,345303.918,346270.118,0.0,0.0,346270.118,0.0,-4500.0,-258289.436,0.0,-4500.0,-257323.236,0.0,-4500.0,-256357.036
"HBL","200","Crm","HBL-200Crm",6587.6,346270.118,0.0,0.0,346270.118,349563.918,0.0,0.0,349563.918,352857.718,0.0,0.0,352857.718,0.0,-4500.0,-256357.036,0.0,-4500.0,-253063.236,0.0,-4500.0,-249769.436
"HBL","210","LWU","HBL-210LWU",1932.4,352857.718,0.0,0.0,352857.718,353823.918,0.0,0.0,353823.918,354790.118,0.0,0.0,354790.118,0.0,-4500.0,-249769.436,0.0,-4500.0,-248803.236,0.0,-4500.0,-247837.036
"HBL","210","Crm","HBL-210Crm",6587.6,354790.118,0.0,0.0,354790.118,358083.918,0.0,0.0,358083.918,361377.718,0.0,0.0,361377.718,0.0,-4500.0,-247837.036,0.0,-4500.0,-244543.236,0.0,-4500.0,-241249.436
"HEBT","010","LWU","HEBT-010LWU",1932.4,361377.718,0.0,0.0,361377.718,362343.918,0.0,0.0,362343.918,363310.118,0.0,0.0,363310.118,0.0,-4500.0,-241249.436,0.0,-4500.0,-240283.236,0.0,-4500.0,-239317.036
"HEBT","010","Drf","HEBT-010Drf",6587.6,363310.118,0.0,0.0,363310.118,366603.918,0.0,0.0,366603.918,369897.718,0.0,0.0,369897.718,0.0,-4500.0,-239317.036,0.0,-4500.0,-236023.236,0.0,-4500.0,-232729.436
"HEBT","020","LWU","HEBT-020LWU",1932.4,369897.718,0.0,0.0,369897.718,370863.918,0.0,0.0,370863.918,371830.118,0.0,0.0,371830.118,0.0,-4500.0,-232729.436,0.0,-4500.0,-231763.236,0.0,-4500.0,-230797.036
"HEBT","020","Drf","HEBT-020Drf",6587.6,371830.118,0.0,0.0,371830.118,375123.918,0.0,0.0,375123.918,378417.718,0.0,0.0,378417.718,0.0,-4500.0,-230797.036,0.0,-4500.0,-227503.236,0.0,-4500.0,-224209.436
"HEBT","030","LWU","HEBT-030LWU",1932.4,378417.718,0.0,0.0,378417.718,379383.918,0.0,0.0,379383.918,380350.118,0.0,0.0,380350.118,0.0,-4500.0,-224209.436,0.0,-4500.0,-223243.236,0.0,-4500.0,-222277.036
"HEBT","030","Drf","HEBT-030Drf",6587.6,380350.118,0.0,0.0,380350.118,383643.918,0.0,0.0,383643.918,386937.718,0.0,0.0,386937.718,0.0,-4500.0,-222277.036,0.0,-4500.0,-218983.236,0.0,-4500.0,-215689.436
"HEBT","040","LWU","HEBT-040LWU",1932.4,386937.718,0.0,0.0,386937.718,387903.918,0.0,0.0,387903.918,388870.118,0.0,0.0,388870.118,0.0,-4500.0,-215689.436,0.0,-4500.0,-214723.236,0.0,-4500.0,-213757.036
"HEBT","040","Drf","HEBT-040Drf",6587.6,388870.118,0.0,0.0,388870.118,392163.918,0.0,0.0,392163.918,395457.718,0.0,0.0,395457.718,0.0,-4500.0,-213757.036,0.0,-4500.0,-210463.236,0.0,-4500.0,-207169.436
"HEBT","050","LWU","HEBT-050LWU",1932.4,395457.718,0.0,0.0,395457.718,396423.918,0.0,0.0,396423.918,397390.118,0.0,0.0,397390.118,0.0,-4500.0,-207169.436,0.0,-4500.0,-206203.236,0.0,-4500.0,-205237.036
"HEBT","050","Drf","HEBT-050Drf",6587.6,397390.118,0.0,0.0,397390.118,400683.918,0.0,0.0,400683.918,403977.718,0.0,0.0,403977.718,0.0,-4500.0,-205237.036,0.0,-4500.0,-201943.236,0.0,-4500.0,-198649.436
"HEBT","060","LWU","HEBT-060LWU",1932.4,403977.718,0.0,0.0,403977.718,404943.918,0.0,0.0,404943.918,405910.118,0.0,0.0,405910.118,0.0,-4500.0,-198649.436,0.0,-4500.0,-197683.236,0.0,-4500.0,-196717.036
"HEBT","060","Drf","HEBT-060Drf",6587.6,405910.118,0.0,0.0,405910.118,409203.918,0.0,0.0,409203.918,412497.718,0.0,0.0,412497.718,0.0,-4500.0,-196717.036,0.0,-4500.0,-193423.236,0.0,-4500.0,-190129.436
"HEBT","070","LWU","HEBT-070LWU",1932.4,412497.718,0.0,0.0,412497.718,413463.918,0.0,0.0,413463.918,414430.118,0.0,0.0,414430.118,0.0,-4500.0,-190129.436,0.0,-4500.0,-189163.236,0.0,-4500.0,-188197.036
"HEBT","070","Drf","HEBT-070Drf",6587.6,414430.118,0.0,0.0,414430.118,417723.918,0.0,0.0,417723.918,421017.718,0.0,0.0,421017.718,0.0,-4500.0,-188197.036,0.0,-4500.0,-184903.236,0.0,-4500.0,-181609.436
"HEBT","080","LWU","HEBT-080LWU",1932.4,421017.718,0.0,0.0,421017.718,421983.918,0.0,0.0,421983.918,422950.118,0.0,0.0,422950.118,0.0,-4500.0,-181609.436,0.0,-4500.0,-180643.236,0.0,-4500.0,-179677.036
"HEBT","080","Drf","HEBT-080Drf",6587.6,422950.118,0.0,0.0,422950.118,426243.918,0.0,0.0,426243.918,429537.718,0.0,0.0,429537.718,0.0,-4500.0,-179677.036,0.0,-4500.0,-176383.236,0.0,-4500.0,-173089.436
"HEBT","090","LWU","HEBT-090LWU",1932.4,429537.718,0.0,0.0,429537.718,430503.918,0.0,0.0,430503.918,431470.118,0.0,0.0,431470.118,0.0,-4500.0,-173089.436,0.0,-4500.0,-172123.236,0.0,-4500.0,-171157.036
"HEBT","090","Drf","HEBT-090Drf",6587.6,431470.118,0.0,0.0,431470.118,434763.918,0.0,0.0,434763.918,438057.718,0.0,0.0,438057.718,0.0,-4500.0,-171157.036,0.0,-4500.0,-167863.236,0.0,-4500.0,-164569.436
"HEBT","100","LWU","HEBT-100LWU",1932.4,438057.718,0.0,0.0,438057.718,439023.918,0.0,0.0,439023.918,439990.118,0.0,0.0,439990.118,0.0,-4500.0,-164569.436,0.0,-4500.0,-163603.236,0.0,-4500.0,-162637.036
"HEBT","100","Drf","HEBT-100Drf",6587.6,439990.118,0.0,0.0,439990.118,443283.918,0.0,0.0,443283.918,446577.718,0.0,0.0,446577.718,0.0,-4500.0,-162637.036,0.0,-4500.0,-159343.236,0.0,-4500.0,-156049.436
"HEBT","110","LWU","HEBT-110LWU",1932.4,446577.718,0.0,0.0,446577.718,447543.918,0.0,0.0,447543.918,448510.118,0.0,0.0,448510.118,0.0,-4500.0,-156049.436,0.0,-4500.0,-155083.236,0.0,-4500.0,-154117.036
"HEBT","110","Drf","HEBT-110Drf",6587.6,448510.118,0.0,0.0,448510.118,451803.918,0.0,0.0,451803.918,455097.718,0.0,0.0,455097.718,0.0,-4500.0,-154117.036,0.0,-4500.0,-150823.236,0.0,-4500.0,-147529.436
"HEBT","120","LWU","HEBT-120LWU",1932.4,455097.718,0.0,0.0,455097.718,456063.918,0.0,0.0,456063.918,457030.118,0.0,0.0,457030.118,0.0,-4500.0,-147529.436,0.0,-4500.0,-146563.236,0.0,-4500.0,-145597.036
"HEBT","120","Drf","HEBT-120Drf",6587.6,457030.118,0.0,0.0,457030.118,460323.918,0.0,0.0,460323.918,463617.718,0.0,0.0,463617.718,0.0,-4500.0,-145597.036,0.0,-4500.0,-142303.236,0.0,-4500.0,-139009.436
"HEBT","130","LWU","HEBT-130LWU",1932.4,463617.718,0.0,0.0,463617.718,464583.918,0.0,0.0,464583.918,465550.118,0.0,0.0,465550.118,0.0,-4500.0,-139009.436,0.0,-4500.0,-138043.236,0.0,-4500.0,-137077.036
"HEBT","130","Drf","HEBT-130Drf",6587.6,465550.118,0.0,0.0,465550.118,468843.918,0.0,0.0,468843.918,472137.718,0.0,0.0,472137.718,0.0,-4500.0,-137077.036,0.0,-4500.0,-133783.236,0.0,-4500.0,-130489.436
"HEBT","140","LWU","HEBT-140LWU",1932.4,472137.718,0.0,0.0,472137.718,473103.918,0.0,0.0,473103.918,474070.118,0.0,0.0,474070.118,0.0,-4500.0,-130489.436,0.0,-4500.0,-129523.236,0.0,-4500.0,-128557.036
"HEBT","140","Drf","HEBT-140Drf",6587.6,474070.118,0.0,0.0,474070.118,477363.918,0.0,0.0,477363.918,480657.718,0.0,0.0,480657.718,0.0,-4500.0,-128557.036,0.0,-4500.0,-125263.236,0.0,-4500.0,-121969.436
"HEBT","150","LWU","HEBT-150LWU",1932.4,480657.718,0.0,0.0,480657.718,481623.918,0.0,0.0,481623.918,482590.118,0.0,0.0,482590.118,0.0,-4500.0,-121969.436,0.0,-4500.0,-121003.236,0.0,-4500.0,-120037.036
"HEBT","150","Drf","HEBT-150Drf",6587.6,482590.118,0.0,0.0,482590.118,485883.918,0.0,0.0,485883.918,489177.718,0.0,0.0,489177.718,0.0,-4500.0,-120037.036,0.0,-4500.0,-116743.236,0.0,-4500.0,-113449.436
"HEBT","160","LWU","HEBT-160LWU",1932.4,489177.718,0.0,0.0,489177.718,490143.918,0.0,0.0,490143.918,491110.118,0.0,0.0,491110.118,0.0,-4500.0,-113449.436,0.0,-4500.0,-112483.236,0.0,-4500.0,-111517.036
"HEBT","160","Drf","HEBT-160Drf",620.3,491110.118,0.0,0.0,491110.118,491420.268,0.0,0.0,491420.268,491730.418,0.0,0.0,491730.418,0.0,-4500.0,-111517.036,0.0,-4500.0,-111206.886,0.0,-4500.0,-110896.736
"DmpL","010","Drf","DmpL-010Drf",14855.5,491730.418,0.0,0.0,491730.418,499158.168,0.0,0.0,499158.168,506585.918,0.0,0.0,506585.918,0.0,-4500.0,-110896.736,0.0,-4500.0,-103468.986,0.0,-4500.0,-96041.236
"DmpL","010","QC","DmpL-010QC",4461.599,506585.918,0.0,0.0,506585.918,508816.718,0.0,0.0,508816.718,511047.517,0.0,0.0,511047.517,0.0,-4500.0,-96041.236,0.0,-4500.0,-93810.436,0.0,-4500.0,-91579.637
"DmpL","020","Drf","DmpL-020Drf",5815.6,511047.517,0.0,0.0,511047.517,513955.317,0.0,0.0,513955.317,516863.117,0.0,0.0,516863.117,0.0,-4500.0,-91579.637,0.0,-4500.0,-88671.837,0.0,-4500.0,-85764.037
"DmpL","020","QC","DmpL-020QC",1510.9,516863.117,0.0,0.0,516863.117,517618.567,0.0,0.0,517618.567,518374.017,0.0,0.0,518374.017,0.0,-4500.0,-85764.037,0.0,-4500.0,-85008.587,0.0,-4500.0,-84253.137
"DmpL","030","Drf","DmpL-030Drf",5815.3,518374.017,0.0,0.0,518374.017,521281.667,0.0,0.0,521281.667,524189.317,0.0,0.0,524189.317,0.0,-4500.0,-84253.137,0.0,-4500.0,-81345.487,0.0,-4500.0,-78437.837
"DmpL","030","QC","DmpL-030QC",1510.928,524189.317,0.0,0.0,524189.317,524944.781,0.0,0.0,524944.781,525700.245,0.0,0.0,525700.245,0.0,-4500.0,-78437.837,0.0,-4500.0,-77682.373,0.0,-4500.0,-76926.909
"DmpL","040","Drf","DmpL-040Drf",15390.0,525700.245,0.0,0.0,525700.245,533395.245,0.0,0.0,533395.245,541090.245,0.0,0.0,541090.245,0.0,-4500.0,-76926.909,0.0,-4500.0,-69231.909,0.0,-4500.0,-61536.909
"DmpL","050","Drf","DmpL-050Drf",5137.92,541090.245,0.0,0.0,541090.245,543659.205,0.0,0.0,543659.205,546228.165,0.0,0.0,546228.165,0.0,-4500.0,-61536.909,0.0,-4500.0,-58967.949,0.0,-4500.0,-56398.989
